experiment,presynapticCre,presynapticEffector,HS0_class,HS0_reporter,HS0_layer,HS1_class,HS1_reporter,HS1_layer,HS2_class,HS2_reporter,HS2_layer,HS3_class,HS3_reporter,HS3_layer,internal,site_path,notes,rig_name,age
2018_02_27_exp5_TH_connections.json,Scnn1a,Ai167,pyramidal,negative,4,,,,,,,,,,standard,,,Wayne,66
2018_02_28_exp1_TH_connections.json,Scnn1a,Ai167,pyramidal,negative,2,,,,,,,,,,standard,,,Wayne,59
2018_02_28_exp2_TH_connections.json,Scnn1a,Ai167,interneuron,negative,4,,,,,,,,,,standard,,,Wayne,59
2018_03_14_exp3_TH_connections.json,Tlx3,Ai136,pyramidal,positive,5,,,,,,,,,,standard,,,Wayne,47
2018_03_21_exp2_AB_connections.json,Tlx3,Ai136,,,,pyramidal,positive,5,,,,,,,standard,,,Garth,46
2018_03_21_exp2_TH_connections.json,Tlx3,Ai136,pyramidal,positive,5,,,,,,,,,,standard,,,Wayne,46
2018_03_21_exp3_TH_connections.json,Tlx3,Ai136,pyramidal,positive,5,,,,,,,,,,standard,,,Wayne,46
2018_04_06_exp1_TH_connections.json,Rorb,Ai167,,,,pyramidal,negative,2,,,,,,,standard,,,Wayne,50
2018_04_06_exp3_TH_connections.json,Rorb,Ai167,,,,pyramidal,negative,2,,,,,,,standard,,,Wayne,50
2018_04_18_exp5_TH_connections.json,Tlx3,Ai167,,,,pyramidal,positive,5,,,,,,,standard,,,Wayne,54
2018_04_23_exp1_AB_connections.json,Rorb,Ai167,,,,pyramidal,negative,2,,,,,,,standard,,,Garth,53
2018_04_23_exp1_TH_connections.json,Rorb,Ai167,,,,interneuron,negative,2,,,,,,,standard,,,Wayne,53
2018_04_23_exp2_TH_connections.json,Rorb,Ai167,,,,pyramidal,negative,2,,,,,,,standard,,,Wayne,53
2018_04_23_exp3_AB_connections.json,Rorb,Ai167,,,,interneuron,negative,2,,,,,,,standard,,,Garth,53
2018_04_23_exp3_TH_connections.json,Rorb,Ai167,,,,pyramidal,negative,2,,,,,,,standard,,,Wayne,53
2018_04_24_exp6_TH_connections.json,Ntsr1,Ai167,,,,pyramidal,negative,5,,,,,,,standard,,,Wayne,49
2018_04_25_exp1_a_AB_connections.json,Ntsr1,Ai167,,,,pyramidal,positive,6,,,,,,,standard,,,Wayne,50
2018_04_25_exp1_b_AB_connections.json,Ntsr1,Ai167,,,,pyramidal,positive,6,,,,,,,standard,,,Wayne,50
2018_04_25_exp1_CAB_connections.json,Ntsr1,Ai167,,,,,,,pyramidal,positive,6,,,,standard,,,Garth,50
2018_04_26_exp1_CAB_connections.json,Ntsr1,Ai167,,,,,,,pyramidal,positive,6,,,,standard,,,Garth,51
2018_04_26_exp2_TH_connections.json,Ntsr1,Ai167,,,,pyramidal,negative,5,,,,,,,standard,,,Wayne,51
2018_04_27_exp1_CAB_connections.json,Ntsr1,Ai167,,,,,,,interneuron,negative,5,pyramidal,negative,5,standard,,,Garth,52
2018_04_27_exp1_TH_connections.json,Ntsr1,Ai167,,,,pyramidal,negative,5,,,,,,,standard,,,Wayne,52
2018_04_27_exp2_CAB_connections.json,Ntsr1,Ai167,,,,,,,pyramidal,negative,4,pyramidal,negative,2,standard,,,Garth,52
2018_04_27_exp2_TH_connections.json,Ntsr1,Ai167,pyramidal,negative,6,,,,,,,,,,standard,,,Wayne,52
2018_04_27_exp3_TH_connections.json,Ntsr1,Ai167,pyramidal,negative,6,,,,,,,,,,standard,,,Wayne,52
2018_05_01_exp1_TH_connections.json,Scnn1a,Ai167,pyramidal,negative,2,,,,,,,,,,standard,,,Wayne,51
2018_05_01_exp2_TH_connections.json,Scnn1a,Ai167,pyramidal,negative,2,,,,,,,,,,standard,,,Wayne,51
2018_05_02_exp1_CAB_connections.json,Scnn1a,Ai167,,,,,,,pyramidal,negative,4,,,,standard,,,Garth,52
2018_05_02_exp1_TH_connections.json,Scnn1a,Ai167,pyramidal,negative,2,,,,,,,,,,standard,,,Wayne,52
2018_05_02_exp2_CAB_connections.json,Scnn1a,Ai167,,,,,,,pyramidal,negative,2,pyramidal,negative,2,standard,,,Garth,52
2018_05_02_exp2_TH_connections.json,Scnn1a,Ai167,pyramidal,negative,2,pyramidal,negative,2,,,,,,,standard,,,Wayne,52
2018_05_02_exp3_TH_connections.json,Scnn1a,Ai167,,,,pyramidal,negative,2,,,,,,,standard,,,Wayne,52
2018_05_07_exp1_CAB_connections.json,Sst,Ai167,,,,,,,interneuron,positive,5,,,,standard,,,Garth,62
2018_05_07_exp2_CAB_connections.json,Sst,Ai167,,,,,,,,,,pyramidal,negative,5,standard,,,Garth,62
2018_05_07_exp4_AB_connections.json,Sst,Ai167,,,,interneuron,positive,5,,,,,,,standard,,,Wayne,62
2018_05_08_exp1_AB_connections.json,Sst,Ai167,,,,interneuron,positive,5,,,,,,,standard,,,Wayne,63
2018_05_08_exp1_CAB_connections.json,Sst,Ai167,,,,,,,interneuron,positive,5,,,,standard,,,Garth,63
2018_05_08_exp1_TH_connections.json,Sst,Ai167,,,,pyramidal,negative,5,,,,,,,standard,,,Wayne,63
2018_05_08_exp2_AB_connections.json,Sst,Ai167,,,,pyramidal,negative,5,,,,,,,standard,,,Wayne,63
2018_05_08_exp2_CAB_connections.json,Sst,Ai167,,,,,,,pyramidal,negative,5,pyramidal,negative,5,standard,,,Garth,63
2018_05_11_exp2_TH_connections.json,Tlx3,Ai136,pyramidal,positive,5,,,,,,,,,,standard,,,Wayne,49
2018_05_11_exp3_TH_connections.json,Tlx3,Ai136,pyramidal,positive,5,,,,,,,,,,standard,,,Wayne,49
2018_05_14_exp1_TH_connections.json,Sst,Ai167,pyramidal,negative,5,,,,,,,,,,standard,,,Wayne,44
2018_05_14_exp2_AB_connections.json,Sst,Ai167,,,,pyramidal,negative,5,,,,,,,standard,,,Garth,44
2018_05_14_exp2_TH_connections.json,Sst,Ai167,pyramidal,negative,5,,,,,,,,,,standard,,,Wayne,44
2018_05_14_exp3_AB_connections.json,Sst,Ai167,,,,pyramidal,negative,5,,,,,,,standard,,,Garth,44
2018_05_14_exp4_AB_connections.json,Sst,Ai167,,,,pyramidal,negative,5,,,,,,,standard,,,Garth,44
2018_05_15_exp1_CAB_connections.json,Sst,Ai167,,,,,,,,,,pyramidal,negative,5,standard,,,Garth,45
2018_05_15_exp1_TH_connections.json,Sst,Ai167,pyramidal,negative,5,,,,,,,,,,standard,,,Wayne,45
2018_05_15_exp2_TH_connections.json,Sst,Ai167,pyramidal,negative,5,,,,,,,,,,standard,,,Wayne,45
2018_05_15_exp3_CAB_connections.json,Sst,Ai167,,,,,,,,,,pyramidal,negative,5,standard,,,Garth,45
2018_05_15_exp3_TH_connections.json,Sst,Ai167,pyramidal,negative,5,,,,,,,,,,standard,,,Wayne,45
2018_05_16_exp1_AB_connections.json,Rorb,Ai167,,,,pyramidal,negative,2,,,,,,,standard,,,Wayne,45
2018_05_16_exp1_CAB_connections.json,Rorb,Ai167,,,,,,,pyramidal,positive,4,pyramidal,negative,2,standard,,,Garth,45
2018_05_16_exp2_CAB_connections.json,Rorb,Ai167,,,,,,,pyramidal,negative,4,pyramidal,negative,2,standard,,weird positions,Garth,45
2018_05_21_exp1_AB_connections.json,Sst,Ai167,,,,pyramidal,negative,5,,,,,,,standard,,,Garth,51
2018_05_21_exp1_TH_connections.json,Sst,Ai167,pyramidal,negative,5,,,,,,,,,,standard,,,Wayne,51
2018_05_21_exp2_AB_connections.json,Sst,Ai167,,,,pyramidal,negative,5,,,,,,,standard,,,Garth,51
2018_05_21_exp2_TH_connections.json,Sst,Ai167,pyramidal,negative,5,,,,,,,,,,standard,,,Wayne,51
2018_05_21_exp3_AB_connections.json,Sst,Ai167,,,,pyramidal,negative,5,,,,,,,standard,,,Garth,51
2018_05_22_exp1_CAB_connections.json,Sst,Ai167,,,,,,,pyramidal,negative,5,pyramidal,negative,5,standard,,,Garth,46
2018_06_11_exp1_AB_connections.json,Sst,Ai167,,,,pyramidal,negative,5,,,,,,,standard,,,Garth,47
2018_06_12_exp1_AB_connections.json,Sst,Ai167,,,,pyramidal,negative,5,,,,,,,standard,,,Wayne,48
2018_06_18_exp1_AB_connections.json,Rorb,Ai167,,,,,,,pyramidal,negative,2,,,,standard,,,Garth,45
2018_06_18_exp1_TH_connections.json,Rorb,Ai167,,,,pyramidal,negative,2,,,,,,,standard,,,Wayne,45
2018_06_18_exp2_AB_connections.json,Rorb,Ai167,,,,pyramidal,negative,2,pyramidal,negative,2,,,,standard,,,Garth,45
2018_06_18_exp2_TH_connections.json,Rorb,Ai167,,,,pyramidal,negative,2,,,,,,,standard,,,Wayne,45
2018_06_28_exp1_CAB_connections.json,Rorb,Ai167,,,,,,,pyramidal,negative,2,,,,standard,,,Garth,40
2018_06_28_exp2_AB_connections.json,Rorb,Ai167,pyramidal,negative,2,,,,,,,,,,standard,,,Wayne,40
2018_06_28_exp2_CAB_connections.json,Rorb,Ai167,,,,pyramidal,negative,2,pyramidal,negative,2,,,,standard,,weird positions,Garth,40
2018_06_29_exp1_AB_connections.json,Rorb,Ai167,,,,pyramidal,negative,2,,,,,,,standard,,,Garth,41
2018_06_29_exp1_TH_connections.json,Rorb,Ai167,,,,pyramidal,negative,2,,,,,,,standard,,,Wayne,41
2018_06_29_exp2_TH_connections.json,Rorb,Ai167,,,,pyramidal,negative,2,,,,,,,standard,,,Wayne,41
2018_07_11_exp1_CAB_connections.json,Rorb,Ai167,,,,pyramidal,negative,2,,,,,,,standard,,,Garth,47
2018_07_11_exp2_CAB_connections.json,Rorb,Ai167,,,,,,,pyramidal,negative,2,,,,standard,,,Garth,47
2018_07_23_exp5_TH_connections.json,Sst,Ai167,pyramidal,negative,5,,,,,,,,,,high Cl,,,Wayne,48
2018_07_24_exp1_TH_connections.json,Sst,Ai167,pyramidal,negative,2,,,,,,,,,,standard,,,Wayne,41
2018_07_24_exp2_TH_connections.json,Sst,Ai167,pyramidal,negative,2,,,,,,,,,,standard,,,Wayne,41
2018_07_24_exp3_TH_connections.json,Sst,Ai167,pyramidal,negative,2,,,,,,,,,,standard,,,Wayne,41
2018_07_30_exp1_TH_connections.json,Sst,Ai167,pyramidal,negative,2,,,,,,,,,,standard,,,Wayne,47
2018_07_30_exp2_TH_connections.json,Sst,Ai167,,,,pyramidal,negative,2,,,,,,,standard,,,Wayne,47
2018_07_30_exp3_TH_connections.json,Sst,Ai167,,,,pyramidal,negative,2,,,,,,,standard,,,Wayne,47
2018_07_31_exp1_TH_connections.json,Sst,Ai167,,,,pyramidal,negative,2,,,,,,,standard,,,Wayne,48
2018_07_31_exp2_TH_connections.json,Sst,Ai167,,,,pyramidal,negative,2,,,,,,,standard,,,Wayne,48
2018_07_31_exp3_TH_connections.json,Sst,Ai167,,,,pyramidal,negative,2,,,,,,,standard,,,Wayne,48
2018_08_06_exp2_TH_connections.json,Ntsr1,Ai167,pyramidal,positive,6,,,,,,,,,,standard,,,Wayne,51
2018_08_06_exp3_TH_connections.json,Ntsr1,Ai167,pyramidal,positive,6,,,,,,,,,,standard,,,Wayne,51
2018_08_06_exp4_TH_connections.json,Ntsr1,Ai167,,,,pyramidal,negative,5,,,,,,,standard,,,Wayne,51
2018_08_07_exp2_TH_connections.json,Ntsr1,Ai167,interneuron,negative,5,,,,,,,,,,standard,,,Wayne,52
2018_08_14_exp1_CAB_connections.json,Sst,Ai167,,,,pyramidal,negative,2,,,,,,,standard,,,Garth,58
2018_08_14_exp1_TH_connections.json,Sst,Ai167,pyramidal,negative,2,,,,,,,,,,standard,,,Wayne,58
2018_08_14_exp2_CAB_connections.json,Sst,Ai167,,,,,,,pyramidal,negative,2,,,,standard,,,Garth,58
2018_08_14_exp2_TH_connections.json,Sst,Ai167,,,,pyramidal,negative,2,,,,,,,standard,,,Wayne,58
2018_08_14_exp3_TH_connections.json,Sst,Ai167,,,,pyramidal,negative,2,,,,,,,standard,,,Wayne,58
2018_08_14_exp5_TH_connections.json,Sst,Ai167,,,,pyramidal,negative,2,,,,,,,standard,,,Wayne,58
2018_08_15_exp1_CAB_connections.json,Sst,Ai167,,,,,,,pyramidal,negative,2,,,,standard,,,Garth,55
2018_08_15_exp2_CAB_connections.json,Sst,Ai167,,,,pyramidal,negative,2,pyramidal,negative,2,,,,standard,,,Garth,55
2018_08_21_exp1_CAB_connections.json,Scnn1a,Ai167,,,,pyramidal,negative,2,pyramidal,negative,2,,,,standard,,,Garth,51
2018_08_21_exp1_TH_connections.json,Scnn1a,Ai167,,,,pyramidal,negative,2,,,,,,,standard,,,Wayne,51
2018_08_21_exp2_CAB_connections.json,Scnn1a,Ai167,,,,interneuron,negative,2,pyramidal,negative,2,,,,standard,,,Garth,51
2018_08_21_exp2_TH_connections.json,Scnn1a,Ai167,,,,pyramidal,negative,2,,,,,,,standard,,,Wayne,51
2018_08_21_exp3_CAB_connections.json,Scnn1a,Ai167,,,,pyramidal,negative,2,pyramidal,negative,2,,,,standard,,,Garth,51
2018_08_21_exp3_TH_connections.json,Scnn1a,Ai167,,,,pyramidal,negative,2,,,,,,,standard,,,Wayne,51
2018_08_21_exp4_TH_connections.json,Scnn1a,Ai167,pyramidal,negative,2,,,,,,,,,,standard,,,Wayne,51
2018_08_21_exp5_TH_connections.json,Scnn1a,Ai167,pyramidal,negative,2,,,,,,,,,,standard,,,Wayne,51
2018_08_21_exp6_TH_connections.json,Scnn1a,Ai167,pyramidal,negative,2,,,,,,,,,,standard,,,Wayne,51
2018_08_30_exp2_TH_connections.json,Ntsr1,Ai167,,,,,,,,,,interneuron,negative,5,standard,,,Wayne,40
2018_09_05_exp1_LH_connections.json,Sst,Ai167,,,,pyramidal,negative,2,,,,,,,standard,,,Wayne,51
2018_09_06_exp1_TH_connections.json,Sst,Ai167,pyramidal,negative,2,pyramidal,negative,2,,,,,,,standard,,,Wayne,52
2018_09_06_exp2_TH_connections.json,Sst,Ai167,,,,pyramidal,negative,2,,,,,,,standard,,,Wayne,52
2018_09_06_exp3_TH_connections.json,Sst,Ai167,,,,interneuron,negative,4,,,,,,,standard,,,Wayne,52
2018_09_10_exp1_CAB_connections.json,Rorb,Ai167,,,,pyramidal,negative,2,pyramidal,negative,2,,,,standard,,,Garth,46
2018_09_10_exp1_TH_connections.json,Rorb,Ai167,,,,pyramidal,negative,2,,,,,,,standard,,,Wayne,46
2018_09_10_exp2_CAB_connections.json,Rorb,Ai167,,,,,,,pyramidal,negative,2,,,,standard,,,Garth,46
2018_09_10_exp2_TH_connections.json,Rorb,Ai167,pyramidal,negative,2,,,,,,,,,,standard,,,Wayne,46
2018_09_11_exp1_CAB_connections.json,Rorb,Ai167,,,,,,,pyramidal,negative,2,,,,standard,,,Garth,45
2018_09_11_exp2_CAB_connections.json,Rorb,Ai167,,,,pyramidal,negative,2,pyramidal,negative,2,,,,standard,,,Garth,45
2018_09_14_exp1_LH_connections.json,Scnn1a,Ai167,,,,pyramidal,negative,2,,,,,,,standard,,,Wayne,50
2018_09_14_exp2_LH_connections.json,Scnn1a,Ai167,,,,pyramidal,negative,2,,,,,,,standard,,,Wayne,50
2018_09_19_exp1_CAB_connections.json,Rorb,Ai167,,,,pyramidal,negative,2,pyramidal,negative,2,,,,standard,,pr,Garth,53
2018_09_19_exp1_LH_connections.json,Rorb,Ai167,,,,pyramidal,negative,2,,,,,,,standard,,,Wayne,53
2018_09_19_exp2_LH_connections.json,Rorb,Ai167,,,,pyramidal,negative,2,,,,,,,standard,,,Wayne,53
2018_09_24_exp1_CAB_connections.json,Ntsr1,Ai167,,,,pyramidal,negative,2,,,,,,,standard,,pr,Garth,52
2018_09_24_exp1_TH_connections.json,Ntsr1,Ai167,,,,pyramidal,negative,5,pyramidal,negative,5,,,,standard,,,Wayne,52
2018_09_24_exp2_TH_connections.json,Ntsr1,Ai167,pyramidal,negative,5,,,,,,,,,,standard,,,Wayne,52
2018_09_26_exp1_CAB_connections.json,Rorb,Ai167,,,,,,,pyramidal,negative,2,,,,standard,,pr,Garth,54
2018_09_26_exp1_TH_connections.json,Rorb,Ai167,,,,,,,pyramidal,negative,2,,,,standard,,,Wayne,54
2018_09_26_exp2_TH_connections.json,Rorb,Ai167,,,,pyramidal,negative,2,pyramidal,negative,2,,,,standard,,,Wayne,54
2018_09_26_exp3_TH_connections.json,Rorb,Ai167,,,,,,,pyramidal,negative,2,,,,standard,,,Wayne,54
2018_09_26_exp4_TH_connections.json,Rorb,Ai167,,,,pyramidal,negative,2,,,,,,,standard,,,Wayne,54
2018_09_27_exp1_CAB_connections.json,Ntsr1,Ai167,,,,pyramidal,negative,5,,,,,,,standard,,burst,Garth,46
2018_09_27_exp1_TH_connections.json,Ntsr1,Ai167,pyramidal,negative,5,pyramidal,negative,5,,,,,,,standard,,,Wayne,46
2018_09_27_exp2_TH_connections.json,Ntsr1,Ai167,pyramidal,negative,5,pyramidal,negative,5,pyramidal,negative,5,,,,standard,,,Wayne,46
2018_09_28_exp1_CAB_connections.json,Ntsr1,Ai167,,,,,,,pyramidal,negative,5,,,,standard,,burst,Garth,47
2018_09_28_exp1_TH_connections.json,Ntsr1,Ai167,pyramidal,negative,5,interneuron,negative,5,pyramidal,negative,5,,,,standard,,,Wayne,47
2018_10_01_exp1_CAB_connections.json,Ntsr1,Ai167,,,,pyramidal,negative,5,pyramidal,negative,5,,,,standard,,pr,Garth,51
2018_10_03_exp1_CAB_connections.json,Rorb,Ai167,,,,pyramidal,negative,5,pyramidal,negative,5,,,,standard,,burst,Garth,48
2018_10_16_exp4_CAB_connections.json,Sst,Chrimson-Kv/H2b-mTFP,,,,,,,pyramidal,negative,2,,,,standard,,burst,Garth,54
2018_10_18_exp1_CAB_connections.json,Sst,Chrimson-Kv/H2b-mTFP,,,,interneuron,positive,2,pyramidal,negative,2,pyramidal,negative,2,standard,,pr,Garth,56
2018_10_19_exp1_CAB_connections.json,Sst,Chrimson-Kv/H2b-mTFP,,,,,,,pyramidal,negative,5,interneuron,positive,5,standard,,pr,Garth,60
2018_10_22_exp2_CAB_connections.json,Sst,Chrimson-Kv/H2b-mTFP,,,,,,,,,,interneuron,positive,2,standard,,pr,Garth,64
2018_11_08_exp2_CAB_connections.json,Sst,Chrimson-mTFP-Kv,,,,,,,,,,interneuron,positive,2,standard,,burst,Garth,59
2018_11_13_exp1_TH_connections.json,Sst,Ai167,,,,pyramidal,negative,2,,,,,,,standard,,,Wayne,49
2018_11_13_exp2_TH_connections.json,Sst,Ai167,,,,pyramidal,negative,2,pyramidal,negative,2,pyramidal,negative,2,standard,,,Wayne,49
2018_11_13_exp3_TH_connections.json,Sst,Ai167,,,,,,,pyramidal,negative,2,,,,standard,,,Wayne,49
2018_11_15_exp1_TH_connections.json,Sst,Ai167,pyramidal,negative,2,,,,,,,,,,standard,,,Wayne,51
2018_11_15_exp2_TH_connections.json,Sst,Ai167,,,,interneuron,negative,2,,,,pyramidal,negative,2,standard,,,Wayne,51
2018_11_15_exp3_TH_connections.json,Sst,Ai167,,,,,,,,,,pyramidal,negative,2,standard,,,Wayne,51
2018_11_19_exp1_CAB_connections.json,Sst,Ai167,,,,interneuron,positive,5,,,,,,,standard,,burst,Garth,50
2018_11_19_exp1_TH_connections.json,Sst,Ai167,,,,pyramidal,negative,2,pyramidal,negative,2,,,,standard,2018-11-19_000/slice_000/site_000,,Wayne,50
2018_11_19_exp2_TH_connections.json,Sst,Ai167,,,,pyramidal,negative,2,,,,,,,standard,,,Wayne,50
2018_11_19_exp3_TH_connections.json,Sst,Ai167,pyramidal,negative,2,pyramidal,negative,2,pyramidal,negative,2,,,,standard,,,Wayne,50
2018_11_29_exp1_TH_connections.json,Rorb,Ai167,,,,,,,,,,pyramidal,negative,2,standard,2018-11-29_000/slice_000/site_000,,Wayne,55
2018_11_29_exp2_TH_connections.json,Rorb,Ai167,,,,pyramidal,negative,2,pyramidal,negative,2,pyramidal,negative,2,standard,2018-11-29_000/slice_000/site_001,,Wayne,55
2018_11_29_exp3_TH_connections.json,Rorb,Ai167,,,,pyramidal,negative,2,,,,,,,standard,2018-11-29_000/slice_001/site_000,,Wayne,55
2018_11_30_exp1_TH_connections.json,Rorb,Ai167,,,,pyramidal,negative,2,,,,,,,standard,2018-11-30_000/slice_000/site_000,,Wayne,56
2018_11_30_exp2_TH_connections.json,Rorb,Ai167,pyramidal,negative,2,,,,interneuron,negative,2,,,,standard,2018-11-30_000/slice_000/site_001,,Wayne,56
2018_12_03_exp1_TH_connections.json,Rorb,Ai167,pyramidal,negative,2,pyramidal,negative,2,pyramidal,negative,2,,,,standard,2018-12-03_000/slice_000/site_000,,Wayne,45
2018_12_07_exp1_CAB_connections.json,Sst,ChrimsonR_kv_eyfp_AAV,,,,pyramidal,negative,2,,,,,,,standard,,burst,Garth,60
2018_12_07_exp1_TH_connections.json,Sst,ChrimsonR_kv_eyfp_AAV,,,,,,,,,,pyramidal,negative,5,standard,2018-12-07_000/slice_000/site_000,,Wayne,60
2018_12_07_exp2_TH_connections.json,Sst,ChrimsonR_kv_eyfp_AAV,pyramidal,negative,2,pyramidal,negative,2,,,,pyramidal,negative,4,standard,2018-12-07_000/slice_001/site_000,somatosensory,Wayne,60
2018_12_11_exp1_TH_connections.json,Sst,ChrimsonR_kv_eyfp_AAV,,,,,,,pyramidal,negative,2,,,,standard,2018-12-11_000/slice_000/site_000,,Wayne,73
2018_12_11_exp2_TH_connections.json,Sst,ChrimsonR_kv_eyfp_AAV,pyramidal,negative,5,pyramidal,negative,5,pyramidal,negative,5,pyramidal,negative,5,standard,2018-12-11_000/slice_000/site_001,,Wayne,73
2018_12_13_exp1_CAB_connections.json,Sst,ChrimsonR_kv_eyfp_AAV,,,,interneuron,positive,2,,,,pyramidal,negative,2,standard,,burst,Garth,72
2018_12_13_exp1_TH_connections.json,Sst,ChrimsonR_kv_eyfp_AAV,pyramidal,negative,2,,,,pyramidal,negative,2,,,,standard,2018-12-13_000/slice_000/site_000,,Wayne,72
2018_12_14_exp1_TH_connections.json,Sst,ChrimsonR_kv_eyfp_AAV,interneuron,positive,2,interneuron,negative,2,,,,pyramidal,negative,5,standard,2018-12-14_000/slice_000/site_000,,Wayne,76
2018_12_14_exp2_TH_connections.json,Sst,ChrimsonR_kv_eyfp_AAV,pyramidal,negative,5,pyramidal,negative,5,,,,pyramidal,negative,5,standard,2018-12-14_000/slice_001/site_000,,Wayne,76
2018_12_18_exp3_CAB_connections.json,Sst,ChrimsonR_kv_eyfp_AAV,,,,interneuron,positive,5,,,,,,,standard,,burst,Garth,53
2018_12_19_exp1_CAB_connections.json,Sst,ChrimsonR_kv_eyfp_AAV,,,,pyramidal,negative,2,,,,,,,standard,,burst,Garth,54
2018_12_19_exp1_TH_connections.json,Sst,ChrimsonR_kv_eyfp_AAV,pyramidal,negative,2,,,,,,,,,,standard,2018-12-19_000/slice_000/site_000,,Wayne,54
2018_12_19_exp2_CAB_connections.json,Sst,ChrimsonR_kv_eyfp_AAV,,,,,,,pyramidal,negative,2,pyramidal,negative,2,standard,,burst,Garth,54
2018_12_19_exp2_TH_connections.json,Sst,ChrimsonR_kv_eyfp_AAV,pyramidal,negative,2,,,,pyramidal,negative,2,,,,standard,2018-12-19_000/slice_000/site_001,,Wayne,54
2019_01_04_exp1_CAB_connections.json,Rorb,Chrimson-mTFP-Kv,,,,,,,pyramidal,negative,2,pyramidal,negative,2,standard,,burst,Garth,59
2019_01_04_exp2_CAB_connections.json,Rorb,Chrimson-mTFP-Kv,,,,,,,,,,pyramidal,negative,5,standard,,burst,Garth,59
2019_01_15_exp1_CAB_connections.json,Rorb,Chrimson-mTFP-Kv,,,,,,,pyramidal,negative,2,,,,standard,,burst,Garth,70
2019_01_23_exp1_CAB_connections.json,Rorb,Ai167,,,,pyramidal,negative,2,pyramidal,negative,2,pyramidal,negative,2,standard,,burst,Garth,59
2019_01_23_exp1_TH_connections.json,Rorb,Ai167,pyramidal,negative,2,pyramidal,negative,2,,,,pyramidal,negative,2,standard,2019-01-23_000/slice_000/site_000,,Wayne,59
2019_01_23_exp2_CAB_connections.json,Rorb,Ai167,,,,,,,pyramidal,negative,2,,,,standard,,burst,Garth,59
2019_01_23_exp2_TH_connections.json,Rorb,Ai167,pyramidal,negative,2,pyramidal,negative,2,pyramidal,negative,2,pyramidal,negative,2,standard,2019-01-23_000/slice_001/site_000,,Wayne,59
2019_01_24_exp1_TH_connections.json,Rorb,Ai167,interneuron,negative,2,pyramidal,negative,2,pyramidal,negative,2,pyramidal,negative,2,standard,2019-01-24_000/slice_000/site_000,,Wayne,55
2019_02_07_exp1_TH_connections.json,Sst,ChrimsonR_kv_eyfp_AAV,,,,pyramidal,negative,2,,,,,,,standard,2019-02-07_000/slice_000/site_000,,Wayne,57
2019_02_07_exp2_TH_connections.json,Sst,ChrimsonR_kv_eyfp_AAV,,,,pyramidal,negative,5,,,,,,,standard,2019-02-07_000/slice_001/site_000,,Wayne,57
2019_02_13_exp1_CAB_connections.json,Sst,ChrimsonR_kv_eyfp_AAV,,,,,,,,,,pyramidal,negative,2,standard,,burst,Garth,63
2019_02_13_exp1_TH_connections.json,Sst,ChrimsonR_kv_eyfp_AAV,,,,,,,,,,interneuron,negative,2,standard,2019-02-13_000/slice_000/site_000,,Wayne,63
2019_02_15_exp1_TH_connections.json,Tlx3,ChrimsonR_kv_eyfp_AAV,,,,interneuron,negative,2,,,,interneuron,negative,2,standard,2019-02-15_000/slice_000/site_000,,Wayne,49
2019_02_15_exp2_TH_connections.json,Tlx3,ChrimsonR_kv_eyfp_AAV,interneuron,negative,4,pyramidal,negative,2,pyramidal,negative,2,pyramidal,negative,2,standard,2019-02-15_000/slice_001/site_000,,Wayne,49
2019_02_18_exp1_CAB_connections.json,Tlx3,ChrimsonR_kv_eyfp_AAV,,,,,,,pyramidal,negative,2,pyramidal,negative,2,standard,,burst,Garth,54
2019_02_18_exp1_TH_connections.json,Tlx3,ChrimsonR_kv_eyfp_AAV,,,,interneuron,negative,2,,,,,,,standard,2019-02-18_000/slice_000/site_001,,Wayne,54
2019_02_18_exp2_TH_connections.json,Tlx3,ChrimsonR_kv_eyfp_AAV,,,,pyramidal,negative,2,pyramidal,negative,2,,,,standard,2019-02-18_000/slice_000/site_000,,Wayne,54
2019_02_20_exp1_CAB_connections.json,Sst,ChrimsonR_kv_eyfp_AAV,,,,unknown,negative,2,,,,unknown,negative,5,standard,,burst,Garth,50
2019_02_20_exp1_TH_connections.json,Sst,ChrimsonR_kv_eyfp_AAV,pyramidal,negative,2,interneuron,negative,2,pyramidal,negative,2,,,,standard,2019-02-20_000/slice_000/site_000,,Wayne,50
2019_02_20_exp2_TH_connections.json,Sst,ChrimsonR_kv_eyfp_AAV,,,,pyramidal,negative,2,pyramidal,negative,2,pyramidal,negative,2,standard,2019-02-20_000/slice_001/site_000,,Wayne,50
2019_02_28_exp1_TH_connections.json,Tlx3,ChrimsonR_kv_eyfp_AAV,pyramidal,negative,2,interneuron,negative,2,,,,pyramidal,negative,2,standard,2019-02-28_000/slice_000/site_000,,Wayne,66
2019_02_28_exp2_TH_connections.json,Tlx3,ChrimsonR_kv_eyfp_AAV,,,,pyramidal,negative,2,,,,,,,standard,2019-02-28_000/slice_001/site_000,,Wayne,66
2019_03_01_exp1_TH_connections.json,Sst,ChrimsonR_kv_eyfp_AAV,pyramidal,negative,5,pyramidal,negative,5,pyramidal,negative,5,pyramidal,negative,5,standard,2019-03-01_000/slice_000/site_000,,Wayne,56
2019_03_04_exp1_TH_connections.json,Sst,ChrimsonR_kv_eyfp_AAV,interneuron,negative,5,,,,pyramidal,negative,5,pyramidal,negative,5,standard,2019-03-04_000/slice_001/site_000,,Wayne,60
2019_03_05_exp1_CAB_connections.json,Sst,ChrimsonR_kv_eyfp_AAV,,,,,,,,,,pyramidal,negative,5,standard,,burst,Garth,61
2019_03_05_exp1_TH_connections.json,Sst,ChrimsonR_kv_eyfp_AAV,pyramidal,negative,2,,,,,,,pyramidal,negative,5,standard,2019-03-05_000/slice_000/site_000,,Wayne,61
2019_03_05_exp2_CAB_connections.json,Sst,ChrimsonR_kv_eyfp_AAV,,,,pyramidal,negative,2,,,,,,,standard,,burst,Garth,61
2019_03_06_exp1_CAB_connections.json,Sst,ChrimsonR_kv_eyfp_AAV,,,,unknown,unknown,5,,,,pyramidal,negative,2,standard,,burst,Garth,61
2019_03_06_exp1_TH_connections.json,Sst,ChrimsonR_kv_eyfp_AAV,,,,,,,,,,pyramidal,negative,5,standard,2019-03-06_000/slice_000/site_000,,Wayne,61
2019_03_08_exp1_TH_connections.json,Sst,ChrimsonR_kv_eyfp_AAV,,,,,,,,,,pyramidal,negative,5,standard,2019-03-08_000/slice_000/site_000,,Wayne,63
2019_03_08_exp2_TH_connections.json,Sst,ChrimsonR_kv_eyfp_AAV,,,,pyramidal,negative,5,,,,,,,standard,2019-03-08_000/slice_001/site_000,,Wayne,63
2019_03_11_exp1_CAB_connections.json,Sst,ChrimsonR_kv_eyfp_AAV,,,,,,,pyramidal,negative,2,,,,standard,,burst,Garth,69
2019_03_11_exp1_TH_connections.json,Sst,ChrimsonR_kv_eyfp_AAV,,,,pyramidal,negative,2,pyramidal,negative,5,,,,standard,2019-03-11_000/slice_000/site_000,,Wayne,69
2019_03_12_exp1_CAB_connections.json,Sst,ChrimsonR_kv_eyfp_AAV,,,,,,,,,,unknown,negative,2,standard,,burst,Garth,68
2019_03_12_exp1_TH_connections.json,Sst,ChrimsonR_kv_eyfp_AAV,interneuron,positive,6,pyramidal,negative,6,,,,pyramidal,negative,6,standard,2019-03-12_000/slice_000/site_000,,Wayne,68
2019_03_13_exp1_CAB_connections.json,Sst,ChrimsonR_kv_eyfp_AAV,,,,unknown,negative,5,pyramidal,negative,2,,,,standard,,burst,Garth,71
2019_03_13_exp2_TH_connections.json,Sst,ChrimsonR_kv_eyfp_AAV,,,,,,,,,,pyramidal,negative,5,standard,2019-03-13_000/slice_000/site_001,,Wayne,71
2019_03_14_exp1_TH_connections.json,Tlx3,ChrimsonR_kv_eyfp_AAV,pyramidal,negative,2,pyramidal,negative,2,,,,pyramidal,negative,2,standard,2019-03-14_000/slice_000/site_000,,Wayne,80
2019_03_15_exp1_TH_connections.json,Ntsr1,Ai167,,,,interneuron,negative,2,pyramidal,negative,2,pyramidal,negative,2,standard,2019-03-15_000/slice_000/site_000,,Wayne,44
2019_03_15_exp2_TH_connections.json,Ntsr1,Ai167,pyramidal,negative,2,,,,,,,pyramidal,negative,2,standard,2019-03-15_000/slice_001/site_000,,Wayne,44
2019_03_19_exp1_TH_connections.json,Ntsr1,Ai167,,,,pyramidal,negative,2,pyramidal,negative,2,pyramidal,negative,2,standard,2019-03-19_000/slice_000/site_000,,Wayne,48
2019_03_19_exp2_TH_connections.json,Ntsr1,Ai167,,,,pyramidal,negative,6,interneuron,negative,6,,,,standard,2019-03-19_000/slice_001/site_000,,Wayne,48
2019_03_20_exp1_TH_connections.json,Rorb,ChrimsonR_kv_eyfp_AAV,,,,interneuron,negative,2,pyramidal,negative,2,pyramidal,negative,2,standard,2019-03-20_000/slice_000/site_000,,Wayne,78
2019_03_25_exp1_TH_connections.json,Rorb,Ai167,,,,pyramidal,negative,2,,,,,,,standard,2019-03-25_000/slice_000/site_000,,Wayne,58
2019_03_25_exp2_TH_connections.json,Rorb,Ai167,pyramidal,negative,2,,,,pyramidal,negative,2,pyramidal,negative,2,standard,2019-03-25_000/slice_001/site_000,,Wayne,58
2019_03_27_exp1_TH_connections.json,Rorb,Ai167,,,,,,,pyramidal,negative,2,,,,standard,2019-03-27_000/slice_000/site_000,,Wayne,40
2019_03_27_exp2_TH_connections.json,Rorb,Ai167,pyramidal,negative,2,,,,pyramidal,negative,2,pyramidal,negative,2,standard,2019-03-27_000/slice_001/site_000,,Wayne,40
2019_04_05_exp1_TH_connections.json,Rorb,ChrimsonR_kv_eyfp_AAV,pyramidal,negative,2,interneuron,negative,2,pyramidal,negative,2,,,,standard,2019-04-05_000/slice_000/site_000,,Wayne,54
2019_04_05_exp2_TH_connections.json,Rorb,ChrimsonR_kv_eyfp_AAV,pyramidal,negative,2,pyramidal,negative,2,pyramidal,negative,2,pyramidal,negative,2,standard,2019-04-05_000/slice_001/site_000,,Wayne,54
2019_04_08_exp1_TH_connections.json,Ntsr1,Ai167,pyramidal,negative,2,pyramidal,negative,2,,,,,,,standard,2019-04-08_000/slice_000/site_000,,Wayne,44
2019_04_08_exp2_TH_connections.json,Ntsr1,Ai167,pyramidal,negative,2,pyramidal,negative,2,pyramidal,negative,2,pyramidal,negative,2,standard,2019-04-08_000/slice_001/site_000,,Wayne,44
2019_04_09_exp1_TH_connections.json,Sst,ChrimsonR_kv_eyfp_AAV,,,,,,,,,,interneuron,positive,2,standard,2019-04-09_000/slice_000/site_000,,Wayne,47
2019_04_12_exp1_TH_connections.json,Sst,ChrimsonR_kv_eyfp_AAV,interneuron,positive,4,interneuron,positive,2,,,,,,,standard,2019-04-12_000/slice_000/site_000,,Wayne,50
2019_04_15_exp2_TH_connections.json,Sst,ChrimsonR_kv_eyfp_AAV,,,,,,,pyramidal,negative,4,interneuron,positive,5,standard,2019-04-15_000/slice_000/site_001,,Wayne,53
2019_04_17_exp1_TH_connections.json,Ntsr1,Ai167,pyramidal,negative,2,,,,pyramidal,negative,2,,,,standard,2019-04-17_000/slice_000/site_000,,Wayne,47
2019_04_17_exp2_TH_connections.json,Ntsr1,Ai167,,,,pyramidal,negative,2,pyramidal,negative,2,pyramidal,negative,2,standard,2019-04-17_000/slice_001/site_000,,Wayne,47
2019_04_22_exp1_TH_connections.json,Sst,ChrimsonR_kv_eyfp_AAV,,,,,,,interneuron,positive,2,,,,standard,2019-04-22_000/slice_000/site_000,,Wayne,60
2019_04_23_exp1_TH_connections.json,Sst,Ai167,pyramidal,negative,2,,,,,,,pyramidal,negative,2,Cs,2019-04-23_000/slice_000/site_000,,Wayne,55
2019_04_23_exp2_TH_connections.json,Sst,Ai167,pyramidal,negative,2,,,,,,,pyramidal,negative,2,Cs,2019-04-23_000/slice_001/site_000,,Wayne,55
2019_04_26_exp1_TH_connections.json,Sst,Ai167,interneuron,negative,2,,,,pyramidal,negative,2,,,,Cs,2019-04-26_000/slice_000/site_000,,Wayne,49
2019_04_26_exp3_TH_connections.json,Sst,Ai167,pyramidal,negative,2,,,,pyramidal,negative,2,pyramidal,negative,2,Cs,2019-04-26_000/slice_002/site_000,,Wayne,49
2019_04_29_exp1_TH_connections.json,Sst,Ai167,,,,pyramidal,negative,2,,,,pyramidal,negative,2,Cs,2019-04-29_000/slice_000/site_000,,Wayne,47
2019_04_29_exp2_TH_connections.json,Sst,Ai167,,,,pyramidal,negative,2,,,,pyramidal,negative,2,Cs,2019-04-29_000/slice_001/site_000,,Wayne,47
2019_05_06_exp1_TH_connections.json,Sst,ChrimsonR_kv_eyfp_AAV,interneuron,positive,4,,,,,,,,,,standard,2019-05-06_000/slice_000/site_000,,Wayne,74
2019_05_06_exp2_TH_connections.json,Sst,ChrimsonR_kv_eyfp_AAV,,,,,,,interneuron,positive,4,,,,standard,2019-05-06_000/slice_001/site_000,,Wayne,74
2019_05_07_exp1_TH_connections.json,Sst,Ai167,,,,pyramidal,negative,2,,,,pyramidal,negative,2,Cs,2019-05-07_000/slice_000/site_000,,Wayne,43
2019_05_07_exp2_TH_connections.json,Sst,Ai167,pyramidal,negative,2,,,,pyramidal,negative,2,pyramidal,negative,2,Cs,2019-05-07_000/slice_001/site_000,,Wayne,43
2019_05_07_exp3_TH_connections.json,Sst,Ai167,pyramidal,negative,2,,,,pyramidal,negative,2,,,,Cs,2019-05-07_000/slice_002/site_000,,Wayne,43
2019_05_09_exp1_TH_connections.json,Ntsr1,Ai167,pyramidal,negative,2,,,,pyramidal,negative,2,,,,standard,2019-05-09_000/slice_000/site_000,,Wayne,44
2019_05_09_exp2_TH_connections.json,Ntsr1,Ai167,pyramidal,negative,4,pyramidal,negative,4,interneuron,negative,4,,,,standard,2019-05-09_000/slice_001/site_000,,Wayne,44
2019_05_14_exp1_TH_connections.json,Sst,Ai167,,,,,,,pyramidal,negative,5,,,,Cs,2019-05-14_000/slice_000/site_001,,Wayne,41
2019_05_14_exp2_TH_connections.json,Sst,Ai167,,,,,,,,,,pyramidal,negative,5,Cs,2019-05-14_000/slice_000/site_002,,Wayne,41
2019_05_14_exp3_TH_connections.json,Sst,Ai167,,,,,,,,,,pyramidal,negative,5,Cs,2019-05-14_000/slice_001/site_000,,Wayne,41
2019_05_15_exp1_TH_connections.json,Sst,Ai167,pyramidal,negative,5,pyramidal,negative,5,pyramidal,negative,5,pyramidal,negative,5,Cs,2019-05-15_000/slice_000/site_000,,Wayne,42
2019_05_15_exp2_TH_connections.json,Sst,Ai167,,,,,,,,,,pyramidal,negative,5,Cs,2019-05-15_000/slice_001/site_000,,Wayne,42
2019_05_17_exp1_TH_connections.json,Sst,ChrimsonR_kv_eyfp_AAV,,,,,,,pyramidal,negative,2,pyramidal,negative,2,standard,2019-05-17_000/slice_000/site_000,,Wayne,48
2019_05_17_exp2_TH_connections.json,Sst,ChrimsonR_kv_eyfp_AAV,,,,interneuron,positive,4,,,,,,,standard,2019-05-17_000/slice_001/site_000,,Wayne,48
2019_05_21_exp1_TH_connections.json,Sst,Ai167,pyramidal,negative,5,pyramidal,negative,5,pyramidal,negative,5,pyramidal,negative,5,Cs,2019-05-21_000/slice_000/site_000,,Wayne,45
2019_05_21_exp2_TH_connections.json,Sst,Ai167,pyramidal,negative,5,pyramidal,negative,5,,,,pyramidal,negative,5,Cs,2019-05-21_000/slice_001/site_000,,Wayne,45
2019_05_23_exp1_TH_connections.json,Sst,ChrimsonR_kv_eyfp_AAV,,,,,,,,,,pyramidal,negative,2,standard,2019-05-23_000/slice_000/site_000,,Wayne,54
2019_05_23_exp2_TH_connections.json,Sst,ChrimsonR_kv_eyfp_AAV,,,,,,,,,,pyramidal,negative,2,standard,2019-05-23_000/slice_001/site_000,,Wayne,54
2019_05_29_exp1_TH_connections.json,Rorb,ChrimsonR_kv_eyfp_AAV,pyramidal,negative,2,pyramidal,negative,2,pyramidal,negative,2,,,,standard,2019-05-29_000/slice_000/site_000,,Wayne,56
2019_05_29_exp2_TH_connections.json,Rorb,ChrimsonR_kv_eyfp_AAV,interneuron,negative,2,,,,,,,,,,standard,2019-05-29_000/slice_000/site_001,,Wayne,56
2019_06_05_exp1_TH_connections.json,Rorb,ChrimsonR_kv_eyfp_AAV,,,,pyramidal,negative,2,pyramidal,negative,2,,,,standard,2019-06-05_000/slice_000/site_000,,Wayne,63
2019_06_05_exp2_TH_connections.json,Rorb,ChrimsonR_kv_eyfp_AAV,interneuron,negative,2,pyramidal,negative,2,interneuron,negative,2,pyramidal,positive,4,standard,2019-06-05_000/slice_000/site_001,,Wayne,63
2019_06_05_exp3_TH_connections.json,Rorb,ChrimsonR_kv_eyfp_AAV,pyramidal,negative,2,pyramidal,negative,2,,,,,,,standard,2019-06-05_000/slice_001/site_000,,Wayne,63
2019_06_06_exp1_TH_connections.json,Tlx3,ChrimsonR_kv_eyfp_AAV,pyramidal,negative,2,pyramidal,negative,2,,,,pyramidal,negative,2,standard,2019-06-06_000/slice_000/site_000,,Wayne,57
2019_06_06_exp2_TH_connections.json,Tlx3,ChrimsonR_kv_eyfp_AAV,,,,pyramidal,negative,2,,,,pyramidal,negative,2,standard,2019-06-06_000/slice_000/site_001,,Wayne,57
2019_06_13_exp1_TH_connections.json,Sst,Ai167,pyramidal,negative,5,pyramidal,negative,5,,,,,,,Cs,2019-06-13_000/slice_000/site_000,,Wayne,54
2019_06_13_exp2_TH_connections.json,Sst,Ai167,pyramidal,negative,5,pyramidal,negative,5,pyramidal,negative,5,,,,Cs,2019-06-13_000/slice_001/site_000,,Wayne,54
2019_06_13_exp3_TH_connections.json,Sst,Ai167,pyramidal,negative,5,pyramidal,negative,5,,,,,,,Cs,2019-06-13_000/slice_001/site_001,,Wayne,54
2019_06_28_exp1_TH_connections.json,Rorb,ChrimsonR_kv_eyfp_AAV,pyramidal,negative,2,,,,pyramidal,negative,2,,,,standard,2019-06-28_000/slice_001/site_000,,Wayne,49
2019_06_28_exp2_TH_connections.json,Rorb,ChrimsonR_kv_eyfp_AAV,,,,pyramidal,negative,2,,,,,,,standard,2019-06-28_000/slice_002/site_000,,Wayne,49
2019_07_09_exp1_TH_connections.json,Rorb,ChrimsonR_kv_eyfp_AAV,pyramidal,negative,2,pyramidal,negative,2,pyramidal,negative,2,pyramidal,negative,2,standard,2019-07-09_000/slice_000/site_000,,Wayne,60
2019_07_09_exp2_TH_connections.json,Rorb,ChrimsonR_kv_eyfp_AAV,,,,pyramidal,negative,2,pyramidal,negative,2,pyramidal,negative,2,standard,2019-07-09_000/slice_001/site_000,,Wayne,60
2019_07_22_exp1_TH_connections.json,Rorb,Ai167,pyramidal,negative,2,interneuron,negative,2,,,,pyramidal,negative,2,standard,2019-07-22_000/slice_000/site_000,,Wayne,48
2019_07_22_exp2_TH_connections.json,Rorb,Ai167,pyramidal,negative,2,,,,pyramidal,negative,2,,,,standard,2019-07-22_000/slice_001/site_000,,Wayne,48
2019_08_08_exp1_TH_connections.json,Tlx3,ChrimsonR_kv_eyfp_AAV,,,,pyramidal,negative,2,,,,pyramidal,negative,2,standard,2019-08-08_000/slice_000/site_000,,Wayne,67
2019_08_08_exp2_TH_connections.json,Tlx3,ChrimsonR_kv_eyfp_AAV,pyramidal,negative,2,,,,,,,,,,standard,2019-08-08_000/slice_001/site_000,,Wayne,67
2019_08_09_exp1_TH_connections.json,Tlx3,ChrimsonR_kv_eyfp_AAV,pyramidal,negative,2,,,,,,,,,,standard,2019-08-09_000/slice_000/site_000,,Wayne,68
2019_08_09_exp2_TH_connections.json,Tlx3,ChrimsonR_kv_eyfp_AAV,interneuron,negative,2,pyramidal,negative,2,pyramidal,negative,2,,,,standard,2019-08-09_000/slice_000/site_001,,Wayne,68
2019_08_09_exp3_TH_connections.json,Tlx3,ChrimsonR_kv_eyfp_AAV,interneuron,negative,2,pyramidal,negative,2,pyramidal,negative,2,,,,standard,2019-08-09_000/slice_001/site_000,,Wayne,68
2019_08_22_exp1_TH_connections.json,Tlx3,ChrimsonR_kv_eyfp_AAV,,,,,,,,,,pyramidal,negative,2,standard,2019-08-22_000/slice_000/site_000,,Wayne,65
2019_08_22_exp2_TH_connections.json,Tlx3,ChrimsonR_kv_eyfp_AAV,,,,pyramidal,negative,2,,,,pyramidal,negative,2,standard,2019-08-22_000/slice_001/site_000,,Wayne,65
2019_08_22_exp3_TH_connections.json,Tlx3,ChrimsonR_kv_eyfp_AAV,pyramidal,negative,2,pyramidal,negative,2,pyramidal,negative,2,,,,standard,2019-08-22_000/slice_001/site_001,,Wayne,65
2019_08_23_exp1_TH_connections.json,Tlx3,ChrimsonR_kv_eyfp_AAV,,,,,,,,,,pyramidal,negative,2,standard,2019-08-23_000/slice_000/site_000,,Wayne,61
2019_08_23_exp2_TH_connections.json,Tlx3,ChrimsonR_kv_eyfp_AAV,,,,,,,pyramidal,negative,2,,,,standard,2019-08-23_000/slice_001/site_000,,Wayne,61
2019_08_26_exp1_TH_connections.json,Tlx3,ChrimsonR_kv_eyfp_AAV,,,,pyramidal,negative,2,,,,,,,standard,2019-08-26_000/slice_000/site_000,,Wayne,64
2019_08_26_exp2_TH_connections.json,Tlx3,ChrimsonR_kv_eyfp_AAV,pyramidal,negative,2,,,,,,,pyramidal,negative,2,standard,2019-08-26_000/slice_002/site_000,,Wayne,64
2019_08_28_exp1_TH_connections.json,Ntsr1,Ai167,pyramidal,negative,2,pyramidal,negative,2,,,,pyramidal,negative,2,standard,2019-08-28_000/slice_002/site_000,,Wayne,62
2019_09_25_exp1_TH_connections.json,Sst,Ai167,,,,,,,interneuron,negative,2,pyramidal,negative,2,Cs,2019-09-25_000/slice_000/site_000,,Wayne,43
2019_09_25_exp2_TH_connections.json,Sst,Ai167,pyramidal,negative,2,pyramidal,negative,2,,,,pyramidal,negative,2,Cs,2019-09-25_000/slice_001/site_000,,Wayne,43
2019_09_25_exp3_TH_connections.json,Sst,Ai167,,,,,,,pyramidal,negative,2,pyramidal,negative,2,Cs,2019-09-25_000/slice_002/site_000,,Wayne,43
2020_01_29_exp1_TH_connections.json,Sst,Ai167,,,,pyramidal,negative,5,,,,,,,standard,2020-01-29_000/slice_000/site_000,,Wayne,64
2020_01_29_exp2_TH_connections.json,Sst,Ai167,,,,pyramidal,negative,5,pyramidal,negative,5,,,,standard,2020-01-29_000/slice_001/site_000,,Wayne,64
2020_01_31_exp1_TH_connections.json,Sst,Ai167,pyramidal,negative,5,interneuron,negative,5,,,,pyramidal,negative,5,standard,2020-01-31_000/slice_001/site_000,,Wayne,65
2020_01_31_exp2_TH_connections.json,Sst,Ai167,pyramidal,negative,2,pyramidal,negative,2,pyramidal,negative,2,,,,standard,2020-01-31_000/slice_002/site_000,,Wayne,65
2020_02_03_exp1_TH_connections.json,Sst,Ai167,pyramidal,negative,5,,,,pyramidal,negative,5,interneuron,negative,5,standard,2020-02-03_000/slice_000/site_000,,Wayne,69
2020_02_03_exp2_TH_connections.json,Sst,Ai167,,,,interneuron,negative,5,,,,pyramidal,negative,5,standard,2020-02-03_000/slice_001/site_000,,Wayne,69
2020_02_03_exp3_TH_connections.json,Sst,Ai167,pyramidal,negative,5,interneuron,negative,5,pyramidal,negative,5,pyramidal,negative,5,standard,2020-02-03_000/slice_002/site_000,,Wayne,69
2020_02_18_exp1_TH_connections.json,Sst,ChrimsonR_kv_eyfp_AAV,interneuron,negative,5,pyramidal,negative,5,,,,,,,standard,2020-02-18_000/slice_000/site_000,,Wayne,52
2020_02_19_exp1_TH_connections.json,Sst,ChrimsonR_kv_eyfp_AAV,interneuron,negative,2,pyramidal,negative,2,,,,pyramidal,negative,2,standard,2020-02-19_000/slice_000/site_000,,Wayne,52
2020_02_19_exp2_TH_connections.json,Sst,ChrimsonR_kv_eyfp_AAV,,,,,,,pyramidal,negative,5,,,,standard,2020-02-19_000/slice_001/site_000,,Wayne,52
2020_02_25_exp1_TH_connections.json,Sst,ChrimsonR_kv_eyfp_AAV,,,,pyramidal,negative,2,,,,pyramidal,negative,2,standard,2020-02-25_000/slice_000/site_000,,Wayne,60
2020_02_25_exp2_TH_connections.json,Sst,ChrimsonR_kv_eyfp_AAV,pyramidal,negative,6,,,,,,,pyramidal,negative,6,standard,2020-02-25_000/slice_001/site_000,,Wayne,60
2020_02_26_exp1_TH_connections.json,Sst,ChrimsonR_kv_eyfp_AAV,interneuron,negative,2,,,,,,,,,,standard,2020-02-26_000/slice_000/site_000,,Wayne,61
2020_02_26_exp2_TH_connections.json,Sst,ChrimsonR_kv_eyfp_AAV,pyramidal,negative,2,pyramidal,negative,2,,,,interneuron,negative,2,standard,2020-02-26_000/slice_001/site_000,,Wayne,61
2020_03_23_exp1_TH_connections.json,Pvalb,ChrimsonR_kv_eyfp_AAV,pyramidal,negative,2,,,,,,,pyramidal,negative,2,standard,2020-03-23_000/slice_000/site_000,,Wayne,68
2020_03_23_exp2_TH_connections.json,Pvalb,ChrimsonR_kv_eyfp_AAV,,,,pyramidal,negative,2,,,,,,,standard,2020-03-23_000/slice_001/site_000,,Wayne,68
2020_05_20_exp1_TH_connections.json,Pvalb,ChrimsonR_kv_eyfp_AAV,pyramidal,negative,2,pyramidal,negative,2,,,,pyramidal,negative,2,standard,2020-05-20_000/slice_000/site_000,,Wayne,126
2020_05_21_exp1_TH_connections.json,Pvalb,ChrimsonR_kv_eyfp_AAV,,,,pyramidal,negative,2,,,,interneuron,negative,2,standard,2020-05-21_000/slice_000/site_000,,Wayne,108
2020_05_21_exp2_TH_connections.json,Pvalb,ChrimsonR_kv_eyfp_AAV,interneuron,positive,5,,,,,,,pyramidal,negative,5,standard,2020-05-21_000/slice_001/site_000,,Wayne,108
2020_05_22_exp2_TH_connections.json,Rorb,Ai167,,,,,,,pyramidal,negative,2,pyramidal,negative,2,standard,2020-05-22_000/slice_001/site_000,,Wayne,94
2020_05_26_exp2_TH_connections.json,Penk,ChrimsonR_kv_eyfp_AAV,,,,pyramidal,positive,2,pyramidal,negative,2,interneuron,negative,2,standard,2020-05-26_000/slice_001/site_000,,Wayne,67
2020_05_27_exp1_TH_connections.json,Penk,ChrimsonR_kv_eyfp_AAV,,,,pyramidal,negative,2,,,,,,,standard,2020-05-27_000/slice_000/site_000,,Wayne,68
2020_05_27_exp2_TH_connections.json,Penk,ChrimsonR_kv_eyfp_AAV,pyramidal,negative,2,pyramidal,negative,2,pyramidal,negative,2,,,,standard,2020-05-27_000/slice_001/site_000,,Wayne,68
2020_05_27_exp3_TH_connections.json,Penk,ChrimsonR_kv_eyfp_AAV,interneuron,negative,2,,,,,,,,,,standard,2020-05-27_000/slice_002/site_000,,Wayne,68
2020_05_28_exp1_TH_connections.json,Rorb,ChrimsonR_kv_eyfp_AAV,,,,pyramidal,negative,2,,,,,,,standard,2020-05-28_000/slice_000/site_000,,Wayne,63
2020_05_28_exp2_TH_connections.json,Rorb,ChrimsonR_kv_eyfp_AAV,interneuron,negative,2,interneuron,negative,2,pyramidal,positive,4,pyramidal,positive,5,standard,2020-05-28_000/slice_001/site_000,,Wayne,63
2020_05_29_exp1_TH_connections.json,Tlx3,ChrimsonR_kv_eyfp_AAV,pyramidal,positive,5,pyramidal,positive,5,interneuron,negative,2,pyramidal,negative,2,standard,2020-05-29_000/slice_000/site_000,,Wayne,70
2020_05_29_exp2_TH_connections.json,Tlx3,ChrimsonR_kv_eyfp_AAV,,,,pyramidal,positive,5,pyramidal,negative,2,pyramidal,negative,2,standard,2020-05-29_000/slice_001/site_000,,Wayne,70
2020_06_04_exp2_TH_connections.json,Rorb,Ai167,,,,,,,,,,pyramidal,negative,2,standard,2020-06-04_000/slice_001/site_000,,Wayne,51
2020_06_04_exp3_TH_connections.json,Rorb,Ai167,pyramidal,positive,4,,,,pyramidal,negative,2,,,,standard,2020-06-04_000/slice_002/site_000,,Wayne,51
2020_06_05_exp1_TH_connections.json,Rorb,Ai167,,,,,,,pyramidal,negative,2,,,,standard,2020-06-05_000/slice_000/site_000,,Wayne,52
2020_06_05_exp2_TH_connections.json,Rorb,Ai167,pyramidal,negative,2,pyramidal,negative,2,pyramidal,positive,4,,,,standard,2020-06-05_000/slice_001/site_000,,Wayne,52
2020_06_05_exp3_TH_connections.json,Rorb,Ai167,,,,,,,pyramidal,negative,2,,,,standard,2020-06-05_000/slice_002/site_000,,Wayne,52
2020_06_11_exp1_TH_connections.json,Rorb,Ai167,pyramidal,negative,2,pyramidal,negative,2,,,,,,,standard,2020-06-11_000/slice_000/site_000,,Wayne,58
2020_06_11_exp2_TH_connections.json,Rorb,Ai167,pyramidal,negative,2,interneuron,negative,2,,,,,,,standard,2020-06-11_000/slice_001/site_000,,Wayne,58
2020_06_11_exp3_TH_connections.json,Rorb,Ai167,,,,,,,pyramidal,negative,2,pyramidal,negative,2,standard,2020-06-11_000/slice_002/site_000,,Wayne,58
2020_06_19_exp1_TH_connections.json,Cux2,ChrimsonR_kv_eyfp_AAV,,,,pyramidal,positive,2,,,,,,,standard,2020-06-19_000/slice_000/site_000,,Wayne,59
2020_06_19_exp2_TH_connections.json,Cux2,ChrimsonR_kv_eyfp_AAV,pyramidal,negative,2,pyramidal,negative,2,,,,,,,standard,2020-06-19_000/slice_001/site_000,,Wayne,59
2020_06_19_exp3_TH_connections.json,Cux2,ChrimsonR_kv_eyfp_AAV,,,,,,,pyramidal,positive,2,,,,standard,2020-06-19_001/slice_009/site_000,,Wayne,59
2020_06_25_exp8_TH_connections.json,Cux2-ERT2,ChrimsonR_kv_eyfp_AAV,pyramidal,positive,2,,,,,,,,,,standard,2020-06-25_001/slice_000/site_000,,Wayne,83
2020_06_26_exp1_TH_connections.json,Cux2-ERT2,ChrimsonR_kv_eyfp_AAV,pyramidal,negative,2,pyramidal,positive,2,,,,pyramidal,positive,2,standard,2020-06-26_000/slice_000/site_000,,Wayne,84
2020_06_26_exp2_TH_connections.json,Cux2-ERT2,ChrimsonR_kv_eyfp_AAV,pyramidal,positive,2,pyramidal,positive,2,,,,,,,standard,2020-06-26_000/slice_001/site_000,,Wayne,84
2020_06_26_exp3_TH_connections.json,Cux2-ERT2,ChrimsonR_kv_eyfp_AAV,pyramidal,positive,2,,,,,,,,,,standard,2020-06-26_001/slice_000/site_000,,Wayne,84
2020_07_02_exp1_TH_connections.json,Sst,ChrimsonR_kv_eyfp_AAV,pyramidal,negative,5,pyramidal,negative,5,interneuron,positive,5,,,,standard,2020-07-02_000/slice_000/site_000,,Wayne,69
2020_07_02_exp2_TH_connections.json,Sst,ChrimsonR_kv_eyfp_AAV,,,,pyramidal,negative,2,,,,,,,standard,2020-07-02_000/slice_001/site_000,,Wayne,69
2020_07_02_exp3_TH_connections.json,Sst,ChrimsonR_kv_eyfp_AAV,interneuron,negative,5,pyramidal,negative,5,,,,,,,standard,2020-07-02_000/slice_002/site_000,,Wayne,76
2020_07_02_exp4_TH_connections.json,Sst,ChrimsonR_kv_eyfp_AAV,pyramidal,negative,5,pyramidal,negative,5,interneuron,positive,5,,,,standard,2020-07-02_001/slice_000/site_000,,Wayne,76
2020_07_03_exp2_TH_connections.json,Rorb,ChrimsonR_kv_eyfp_AAV,,,,interneuron,negative,2,,,,,,,standard,2020-07-03_000/slice_000/site_001,,Wayne,77
2020_07_03_exp3_TH_connections.json,Rorb,ChrimsonR_kv_eyfp_AAV,,,,pyramidal,negative,2,,,,,,,standard,2020-07-03_000/slice_001/site_000,,Wayne,77
2020_07_03_exp4_TH_connections.json,Tlx3,ChrimsonR_kv_eyfp_AAV,pyramidal,negative,2,interneuron,negative,2,,,,,,,standard,2020-07-03_001/slice_000/site_000,,Wayne,71
2020_07_03_exp5_TH_connections.json,Tlx3,ChrimsonR_kv_eyfp_AAV,,,,pyramidal,negative,2,,,,,,,standard,2020-07-03_001/slice_000/site_001,,Wayne,71
2020_07_09_exp1_TH_connections.json,Tlx3,ChrimsonR_kv_eyfp_AAV,,,,pyramidal,negative,2,,,,,,,standard,2020-07-09_000/slice_000/site_000,,Wayne,71
2020_07_09_exp2_TH_connections.json,Tlx3,ChrimsonR_kv_eyfp_AAV,pyramidal,negative,2,pyramidal,negative,2,,,,,,,standard,2020-07-09_000/slice_002/site_000,,Wayne,71
2020_07_09_exp3_TH_connections.json,Tlx3,ChrimsonR_kv_eyfp_AAV,pyramidal,negative,2,pyramidal,negative,2,pyramidal,positive,5,,,,standard,2020-07-09_000/slice_002/site_001,,Wayne,67
2020_07_10_exp1_TH_connections.json,Penk,ChrimsonR_kv_eyfp_AAV,,,,pyramidal,negative,2,pyramidal,positive,2,,,,standard,2020-07-10_000/slice_000/site_000,poor injection,Wayne,68
2020_07_10_exp2_TH_connections.json,Penk,ChrimsonR_kv_eyfp_AAV,interneuron,negative,2,interneuron,negative,2,pyramidal,negative,2,pyramidal,negative,2,standard,2020-07-10_000/slice_000/site_001,poor injection,Wayne,58
2020_07_17_exp1_TH_connections.json,Pvalb,ChrimsonR_kv_eyfp_AAV,pyramidal,negative,2,pyramidal,negative,2,,,,pyramidal,negative,2,standard,2020-07-17_000/slice_000/site_000,,Wayne,72
2020_07_17_exp2_TH_connections.json,Pvalb,ChrimsonR_kv_eyfp_AAV,,,,,,,pyramidal,negative,2,pyramidal,negative,2,standard,2020-07-17_000/slice_002/site_000,,Wayne,72
2020_07_17_exp4_TH_connections.json,Pvalb,ChrimsonR_kv_eyfp_AAV,pyramidal,negative,2,pyramidal,negative,2,pyramidal,negative,2,pyramidal,negative,2,standard,2020-07-17_000/slice_003/site_000,,Wayne,67
2020_07_19_exp1_TH_connections.json,Pvalb,ChrimsonR_kv_eyfp_AAV,,,,interneuron,positive,2,pyramidal,negative,2,,,,standard,2020-07-19_000/slice_000/site_000,,Wayne,54
2020_07_19_exp2_TH_connections.json,Pvalb,ChrimsonR_kv_eyfp_AAV,pyramidal,negative,2,,,,interneuron,negative,2,,,,standard,2020-07-19_000/slice_001/site_001,,Wayne,54
2020_07_23_exp1_TH_connections.json,Pvalb,ChrimsonR_kv_eyfp_AAV,,,,pyramidal,negative,2,interneuron,positive,2,pyramidal,negative,2,standard,2020-07-23_000/slice_000/site_000,,Wayne,68
2020_07_23_exp2_TH_connections.json,Pvalb,ChrimsonR_kv_eyfp_AAV,,,,,,,,,,pyramidal,negative,2,standard,2020-07-23_000/slice_002/site_000,,Wayne,68
2020_07_24_exp1_TH_connections.json,Pvalb,ChrimsonR_kv_eyfp_AAV,,,,pyramidal,negative,2,pyramidal,negative,2,,,,standard,2020-07-24_000/slice_001/site_000,,Wayne,69
2020_07_24_exp2_TH_connections.json,Pvalb,ChrimsonR_kv_eyfp_AAV,interneuron,negative,2,pyramidal,negative,2,,,,interneuron,negative,2,standard,2020-07-24_000/slice_001/site_001,,Wayne,69
2020_07_24_exp3_TH_connections.json,Pvalb,ChrimsonR_kv_eyfp_AAV,interneuron,positive,2,interneuron,positive,2,pyramidal,negative,2,pyramidal,negative,2,standard,2020-07-24_000/slice_003/site_000,,Wayne,69
2020_07_26_exp1_TH_connections.json,Pvalb,ChrimsonR_kv_eyfp_AAV,,,,pyramidal,negative,2,pyramidal,negative,2,,,,standard,2020-07-26_000/slice_000/site_000,,Wayne,71
2020_07_26_exp2_TH_connections.json,Pvalb,ChrimsonR_kv_eyfp_AAV,pyramidal,negative,2,,,,,,,,,,standard,2020-07-26_000/slice_001/site_000,,Wayne,71
2020_07_26_exp3_TH_connections.json,Pvalb,ChrimsonR_kv_eyfp_AAV,interneuron,negative,2,pyramidal,negative,2,interneuron,positive,2,,,,standard,2020-07-26_000/slice_002/site_000,,Wayne,71
2020_07_30_exp1_TH_connections.json,Penk,ChrimsonR_kv_eyfp_AAV,pyramidal,negative,2,,,,,,,,,,standard,2020-07-30_000/slice_000/site_000,,Wayne,57
2020_07_30_exp2_TH_connections.json,Penk,ChrimsonR_kv_eyfp_AAV,,,,,,,pyramidal,negative,2,pyramidal,negative,2,standard,2020-07-30_000/slice_001/site_000,,Wayne,57
2020_07_30_exp3_TH_connections.json,Penk,ChrimsonR_kv_eyfp_AAV,,,,pyramidal,negative,2,,,,pyramidal,negative,2,standard,2020-07-30_000/slice_001/site_001,,Wayne,57
2020_07_31_exp1_TH_connections.json,Penk,ChrimsonR_kv_eyfp_AAV,,,,,,,pyramidal,negative,2,,,,standard,2020-07-31_000/slice_000/site_000,,Wayne,58
2020_07_31_exp2_TH_connections.json,Penk,ChrimsonR_kv_eyfp_AAV,pyramidal,negative,2,,,,,,,pyramidal,positive,2,standard,2020-07-31_000/slice_001/site_000,,Wayne,58
2020_08_02_exp1_TH_connections.json,Sst,ChrimsonR_kv_eyfp_AAV,interneuron,positive,2,,,,pyramidal,negative,2,interneuron,positive,2,standard,2020-08-02_000/slice_000/site_000,,Wayne,71
2020_08_02_exp2_TH_connections.json,Sst,ChrimsonR_kv_eyfp_AAV,interneuron,positive,2,pyramidal,negative,2,,,,interneuron,positive,2,standard,2020-08-02_000/slice_001/site_000,,Wayne,71
2020_08_02_exp3_TH_connections.json,Sst,ChrimsonR_kv_eyfp_AAV,,,,interneuron,positive,5,,,,pyramidal,negative,2,standard,2020-08-02_000/slice_002/site_000,,Wayne,71
2020_08_06_exp1_TH_connections.json,Penk,ChrimsonR_kv_eyfp_AAV,pyramidal,negative,2,,,,,,,pyramidal,negative,2,standard,2020-08-06_000/slice_000/site_000,,Wayne,53
2020_08_06_exp2_TH_connections.json,Penk,ChrimsonR_kv_eyfp_AAV,,,,,,,pyramidal,negative,2,pyramidal,negative,2,standard,2020-08-06_000/slice_000/site_001,,Wayne,53
2020_08_13_exp1_TH_connections.json,Sst,ChrimsonR_kv_eyfp_AAV,interneuron,positive,4,pyramidal,negative,2,,,,interneuron,positive,2,standard,2020-08-13_000/slice_000/site_000,,Wayne,82
2020_08_13_exp2_TH_connections.json,Sst,ChrimsonR_kv_eyfp_AAV,pyramidal,negative,4,pyramidal,negative,2,interneuron,negative,2,interneuron,positive,2,standard,2020-08-13_000/slice_001/site_000,,Wayne,82
2020_08_14_exp1_TH_connections.json,Rorb,Ai167,,,,,,,pyramidal,negative,2,,,,standard,2020-08-14_000/slice_000/site_000,,Wayne,77
2020_08_14_exp2_TH_connections.json,Rorb,Ai167,pyramidal,negative,2,,,,pyramidal,positive,4,,,,standard,2020-08-14_000/slice_002/site_000,,Wayne,77
2020_08_20_exp1_TH_connections.json,Sst,ChrimsonR_kv_eyfp_AAV,,,,,,,pyramidal,negative,2,,,,standard,2020-08-20_000/slice_000/site_000,,Wayne,57
2020_08_20_exp2_TH_connections.json,Sst,ChrimsonR_kv_eyfp_AAV,,,,pyramidal,negative,5,,,,interneuron,positive,5,standard,2020-08-20_000/slice_000/site_001,,Wayne,57
2020_08_20_exp3_TH_connections.json,Sst,ChrimsonR_kv_eyfp_AAV,,,,,,,pyramidal,negative,2,pyramidal,negative,2,standard,2020-08-20_000/slice_001/site_000,,Wayne,57
2020_08_21_exp1_TH_connections.json,Penk,ChrimsonR_kv_eyfp_AAV,pyramidal,negative,2,pyramidal,negative,2,pyramidal,negative,2,interneuron,negative,2,standard,2020-08-21_000/slice_000/site_000,,Wayne,59
2020_08_21_exp2_TH_connections.json,Penk,ChrimsonR_kv_eyfp_AAV,pyramidal,negative,2,pyramidal,negative,2,,,,,,,standard,2020-08-21_000/slice_000/site_001,,Wayne,59
2020_08_27_exp1_TH_connections.json,Sst,ChrimsonR_kv_eyfp_AAV,interneuron,positive,5,,,,pyramidal,negative,5,pyramidal,negative,2,standard,2020-08-27_000/slice_000/site_000,,Wayne,62
2020_08_27_exp2_TH_connections.json,Sst,ChrimsonR_kv_eyfp_AAV,pyramidal,negative,5,pyramidal,negative,5,,,,,,,standard,2020-08-27_000/slice_000/site_001,,Wayne,62
2020_09_03_exp1_TH_connections.json,Pvalb,ChrimsonR_kv_eyfp_AAV,interneuron,positive,2,,,,,,,interneuron,positive,2,standard,2020-09-03_000/slice_000/site_000,,Wayne,67
2020_09_03_exp2_TH_connections.json,Pvalb,ChrimsonR_kv_eyfp_AAV,pyramidal,negative,2,interneuron,positive,2,interneuron,positive,2,interneuron,positive,2,standard,2020-09-03_000/slice_001/site_000,,Wayne,67
2020_09_04_exp1_TH_connections.json,Sst,ChrimsonR_kv_eyfp_AAV,pyramidal,negative,5,,,,,,,,,,standard,2020-09-04_000/slice_000/site_000,,Wayne,73
2020_09_04_exp2_TH_connections.json,Sst,ChrimsonR_kv_eyfp_AAV,interneuron,negative,2,,,,pyramidal,negative,2,pyramidal,negative,2,standard,2020-09-04_000/slice_001/site_000,,Wayne,73
2020_09_04_exp3_TH_connections.json,Sst,ChrimsonR_kv_eyfp_AAV,pyramidal,negative,5,,,,,,,,,,standard,2020-09-04_000/slice_002/site_000,,Wayne,73
2020_09_17_exp1_TH_connections.json,GAD2,ChrimsonR_kv_eyfp_AAV,,,,,,,pyramidal,negative,2,pyramidal,negative,2,standard,2020-09-17_000/slice_000/site_000,,Wayne,59
2020_09_17_exp2_TH_connections.json,GAD2,ChrimsonR_kv_eyfp_AAV,,,,,,,pyramidal,negative,2,,,,standard,2020-09-17_000/slice_001/site_000,,Wayne,59
2020_09_18_exp1_TH_connections.json,GAD2,ChrimsonR_kv_eyfp_AAV,,,,,,,,,,pyramidal,negative,2,standard,2020-09-18_000/slice_000/site_000,,Wayne,60
2020_09_18_exp2_TH_connections.json,GAD2,ChrimsonR_kv_eyfp_AAV,pyramidal,negative,2,,,,pyramidal,negative,2,pyramidal,negative,2,standard,2020-09-18_000/slice_001/site_000,,Wayne,60
2020_09_24_exp1_TH_connections.json,GAD2,ChrimsonR_kv_eyfp_AAV,,,,,,,,,,pyramidal,negative,2,standard,2020-09-24_000/slice_000/site_000,,Wayne,66
2020_09_24_exp2_TH_connections.json,GAD2,ChrimsonR_kv_eyfp_AAV,pyramidal,negative,2,,,,pyramidal,negative,2,,,,standard,2020-09-24_000/slice_001/site_000,,Wayne,66
2020_09_25_exp1_TH_connections.json,GAD2,ChrimsonR_kv_eyfp_AAV,pyramidal,negative,2,pyramidal,negative,2,,,,interneuron,positive,2,standard,2020-09-25_000/slice_000/site_000,,Wayne,67
2020_09_25_exp2_TH_connections.json,GAD2,ChrimsonR_kv_eyfp_AAV,pyramidal,negative,2,,,,,,,,,,standard,2020-09-25_000/slice_001/site_000,,Wayne,67
2020_10_16_exp1_TH_connections.json,Pvalb,ChrimsonR_kv_eyfp_AAV,interneuron,positive,5,pyramidal,negative,5,interneuron,negative,5,interneuron,positive,5,standard,2020-10-16_000/slice_000/site_000,,Wayne,78
2020_10_16_exp2_TH_connections.json,Pvalb,ChrimsonR_kv_eyfp_AAV,pyramidal,negative,5,,,,,,,,,,standard,2020-10-16_000/slice_001/site_000,,Wayne,78
2020_10_22_exp1_TH_connections.json,Sst,ChrimsonR_kv_eyfp_AAV,,,,interneuron,negative,2,,,,interneuron,positive,2,standard,2020-10-22_000/slice_000/site_000,,Wayne,73
2020_10_22_exp2_TH_connections.json,Sst,ChrimsonR_kv_eyfp_AAV,,,,pyramidal,negative,2,pyramidal,negative,2,,,,standard,2020-10-22_000/slice_001/site_000,,Wayne,73
2020_10_22_exp3_TH_connections.json,Sst,ChrimsonR_kv_eyfp_AAV,,,,pyramidal,negative,2,pyramidal,negative,2,,,,standard,2020-10-22_000/slice_002/site_000,,Wayne,73
2020_10_23_exp2_TH_connections.json,Tlx3,ChrimsonR_kv_eyfp_AAV,pyramidal,negative,2,interneuron,negative,2,,,,,,,standard,2020-10-23_000/slice_001/site_000,,Wayne,80
2020_10_30_exp1_TH_connections.json,Sst,ChrimsonR_kv_eyfp_AAV,,,,pyramidal,negative,2,pyramidal,negative,4,interneuron,positive,4,standard,2020-10-30_000/slice_000/site_000,,Wayne,81
2020_10_30_exp2_TH_connections.json,Sst,ChrimsonR_kv_eyfp_AAV,,,,,,,pyramidal,negative,2,interneuron,positive,5,standard,2020-10-30_000/slice_001/site_000,,Wayne,81
2020_11_05_exp1_TH_connections.json,Sst,ChrimsonR_kv_eyfp_AAV,interneuron,positive,2,pyramidal,negative,2,,,,,,,standard,2020-11-05_000/slice_000/site_000,,Wayne,63
2020_11_05_exp2_TH_connections.json,Sst,ChrimsonR_kv_eyfp_AAV,,,,pyramidal,negative,2,pyramidal,negative,2,,,,standard,2020-11-05_000/slice_001/site_000,,Wayne,63
2020_11_05_exp4_TH_connections.json,Sst,ChrimsonR_kv_eyfp_AAV,interneuron,positive,2,pyramidal,negative,2,pyramidal,negative,2,interneuron,positive,4,standard,2020-11-05_000/slice_003/site_000,,Wayne,63
2020_11_06_exp1_TH_connections.json,Sst,ChrimsonR_kv_eyfp_AAV,interneuron,positive,4,,,,pyramidal,negative,2,,,,standard,2020-11-06_000/slice_000/site_000,,Wayne,64
2020_11_06_exp3_TH_connections.json,Sst,ChrimsonR_kv_eyfp_AAV,interneuron,positive,4,,,,pyramidal,negative,2,,,,standard,2020-11-06_000/slice_001/site_001,,Wayne,64
2020_11_12_exp1_TH_connections.json,Penk,ChrimsonR_kv_eyfp_AAV,interneuron,negative,2,,,,,,,pyramidal,negative,2,standard,2020-11-12_000/slice_000/site_000,,Wayne,69
2020_11_12_exp2_TH_connections.json,Penk,ChrimsonR_kv_eyfp_AAV,,,,pyramidal,negative,2,,,,interneuron,negative,2,standard,2020-11-12_000/slice_001/site_000,,Wayne,69
2020_11_13_exp1_TH_connections.json,Sst,ChrimsonR_kv_eyfp_AAV,,,,pyramidal,negative,4,,,,,,,standard,2020-11-13_000/slice_000/site_000,,Wayne,71
2020_11_13_exp2_TH_connections.json,Sst,ChrimsonR_kv_eyfp_AAV,interneuron,positive,4,interneuron,negative,4,,,,,,,standard,2020-11-13_000/slice_001/site_000,,Wayne,71
2020_11_13_exp3_TH_connections.json,Sst,ChrimsonR_kv_eyfp_AAV,,,,interneuron,negative,4,pyramidal,negative,4,interneuron,positive,5,standard,2020-11-13_000/slice_002/site_000,,Wayne,71
2020_11_19_exp1_TH_connections.json,Pvalb,ChrimsonR_kv_eyfp_AAV,,,,,,,,,,pyramidal,negative,2,standard,2020-11-19_000/slice_000/site_000,,Wayne,61
2020_11_19_exp2_TH_connections.json,Pvalb,ChrimsonR_kv_eyfp_AAV,,,,,,,pyramidal,negative,5,,,,standard,2020-11-19_000/slice_001/site_000,,Wayne,61
2020_11_19_exp3_TH_connections.json,Pvalb,ChrimsonR_kv_eyfp_AAV,interneuron,positive,5,,,,interneuron,negative,4,,,,standard,2020-11-19_000/slice_002/site_000,,Wayne,61
2020_11_20_exp1_TH_connections.json,Pvalb,ChrimsonR_kv_eyfp_AAV,,,,,,,pyramidal,negative,2,interneuron,positive,2,standard,2020-11-20_000/slice_000/site_000,,Wayne,62